{"loss": [0.4750956594944, 0.3272516131401062, 0.2845152020454407, 0.2607983648777008, 0.2429303228855133, 0.23141570389270782, 0.21997977793216705, 0.20954449474811554, 0.2022891640663147, 0.19808754324913025, 0.1938527524471283, 0.18487012386322021, 0.17932896316051483, 0.17645570635795593, 0.1693694293498993, 0.16898323595523834, 0.16561707854270935, 0.1608080267906189, 0.15828262269496918, 0.15274184942245483, 0.15371660888195038, 0.15164653956890106, 0.14327169954776764, 0.147163525223732, 0.14252969622612, 0.14032815396785736, 0.13744036853313446, 0.13643525540828705, 0.13733920454978943, 0.1313602775335312], "accuracy": [0.8285370469093323, 0.8791481256484985, 0.8959629535675049, 0.9044444561004639, 0.9101481437683105, 0.913277804851532, 0.9173518419265747, 0.9216111302375793, 0.9249629378318787, 0.9267777800559998, 0.9269999861717224, 0.9311296343803406, 0.9325000047683716, 0.9346481561660767, 0.9377222061157227, 0.9370926022529602, 0.9370185136795044, 0.9391481280326843, 0.9409258961677551, 0.9419074058532715, 0.9420740604400635, 0.943740725517273, 0.9461666941642761, 0.9452962875366211, 0.946148157119751, 0.9474629759788513, 0.9491666555404663, 0.9489074349403381, 0.9485555291175842, 0.9504629373550415], "val_loss": [0.32254528999328613, 0.26234450936317444, 0.23932647705078125, 0.22571147978305817, 0.21827323734760284, 0.21563537418842316, 0.2087925225496292, 0.20215344429016113, 0.2000969499349594, 0.1983778029680252, 0.19976672530174255, 0.19677355885505676, 0.2045476734638214, 0.1915130466222763, 0.18881522119045258, 0.18770773708820343, 0.18880999088287354, 0.1943851113319397, 0.19205720722675323, 0.1974375993013382, 0.1928737759590149, 0.1979946345090866, 0.1941777765750885, 0.19167272746562958, 0.18929174542427063, 0.18551965057849884, 0.19117389619350433, 0.18039414286613464, 0.190911665558815, 0.1901106834411621], "val_accuracy": [0.8831666707992554, 0.9021666646003723, 0.9121666550636292, 0.9173333048820496, 0.921500027179718, 0.9191666841506958, 0.9226666688919067, 0.9254999756813049, 0.9276666641235352, 0.9269999861717224, 0.924833357334137, 0.9290000200271606, 0.9265000224113464, 0.9321666955947876, 0.9296666383743286, 0.9308333396911621, 0.9306666851043701, 0.9319999814033508, 0.9304999709129333, 0.9294999837875366, 0.9263333082199097, 0.9326666593551636, 0.9311666488647461, 0.9355000257492065, 0.9325000047683716, 0.9361666440963745, 0.9315000176429749, 0.9346666932106018, 0.9331666827201843, 0.934166669845581]}